title,createdAt,updatedAt
code with javaScript,2023-06-14 10:12:36.943+05:30,2023-06-14 10:12:36.943+05:30
code with typeScript,2023-06-14 10:12:47.866+05:30,2023-06-14 10:12:47.866+05:30
code with typeScript,2023-06-14 10:12:47.866+05:31,2023-06-14 10:12:47.866+05:31
code with typeScript,2023-06-14 10:12:47.866+05:32,2023-06-14 10:12:47.866+05:32
code with typeScript,2023-06-14 10:12:47.866+05:33,2023-06-14 10:12:47.866+05:33
code with typeScript,2023-06-14 10:12:47.866+05:34,2023-06-14 10:12:47.866+05:34
code with typeScript,2023-06-14 10:12:47.866+05:35,2023-06-14 10:12:47.866+05:35
code with typeScript,2023-06-14 10:12:47.866+05:36,2023-06-14 10:12:47.866+05:36
code with typeScript,2023-06-14 10:12:47.866+05:37,2023-06-14 10:12:47.866+05:37
code with typeScript,2023-06-14 10:12:47.866+05:38,2023-06-14 10:12:47.866+05:38
code with typeScript,2023-06-14 10:12:47.866+05:39,2023-06-14 10:12:47.866+05:39
code with typeScript,2023-06-14 10:12:47.866+05:40,2023-06-14 10:12:47.866+05:40
code with typeScript,2023-06-14 10:12:47.866+05:41,2023-06-14 10:12:47.866+05:41
code with typeScript,2023-06-14 10:12:47.866+05:42,2023-06-14 10:12:47.866+05:42
code with typeScript,2023-06-14 10:12:47.866+05:43,2023-06-14 10:12:47.866+05:43
code with typeScript,2023-06-14 10:12:47.866+05:44,2023-06-14 10:12:47.866+05:44
code with typeScript,2023-06-14 10:12:47.866+05:45,2023-06-14 10:12:47.866+05:45
code with typeScript,2023-06-14 10:12:47.866+05:46,2023-06-14 10:12:47.866+05:46
code with typeScript,2023-06-14 10:12:47.866+05:47,2023-06-14 10:12:47.866+05:47
code with typeScript,2023-06-14 10:12:47.866+05:48,2023-06-14 10:12:47.866+05:48
code with typeScript,2023-06-14 10:12:47.866+05:49,2023-06-14 10:12:47.866+05:49
code with typeScript,2023-06-14 10:12:47.866+05:50,2023-06-14 10:12:47.866+05:50
code with typeScript,2023-06-14 10:12:47.866+05:51,2023-06-14 10:12:47.866+05:51
code with typeScript,2023-06-14 10:12:47.866+05:52,2023-06-14 10:12:47.866+05:52
code with typeScript,2023-06-14 10:12:47.866+05:53,2023-06-14 10:12:47.866+05:53
code with typeScript,2023-06-14 10:12:47.866+05:54,2023-06-14 10:12:47.866+05:54
code with typeScript,2023-06-14 10:12:47.866+05:55,2023-06-14 10:12:47.866+05:55
code with typeScript,2023-06-14 10:12:47.866+05:56,2023-06-14 10:12:47.866+05:56
code with typeScript,2023-06-14 10:12:47.866+05:57,2023-06-14 10:12:47.866+05:57
code with typeScript,2023-06-14 10:12:47.866+05:58,2023-06-14 10:12:47.866+05:58
code with typeScript,2023-06-14 10:12:47.866+05:59,2023-06-14 10:12:47.866+05:59
code with typeScript,2023-06-14 10:12:47.866+05:60,2023-06-14 10:12:47.866+05:60
code with typeScript,2023-06-14 10:12:47.866+05:61,2023-06-14 10:12:47.866+05:61
code with typeScript,2023-06-14 10:12:47.866+05:62,2023-06-14 10:12:47.866+05:62
code with typeScript,2023-06-14 10:12:47.866+05:63,2023-06-14 10:12:47.866+05:63
code with typeScript,2023-06-14 10:12:47.866+05:64,2023-06-14 10:12:47.866+05:64
code with typeScript,2023-06-14 10:12:47.866+05:65,2023-06-14 10:12:47.866+05:65
code with typeScript,2023-06-14 10:12:47.866+05:66,2023-06-14 10:12:47.866+05:66
code with typeScript,2023-06-14 10:12:47.866+05:67,2023-06-14 10:12:47.866+05:67
code with typeScript,2023-06-14 10:12:47.866+05:68,2023-06-14 10:12:47.866+05:68
code with typeScript,2023-06-14 10:12:47.866+05:69,2023-06-14 10:12:47.866+05:69
code with typeScript,2023-06-14 10:12:47.866+05:70,2023-06-14 10:12:47.866+05:70
code with typeScript,2023-06-14 10:12:47.866+05:71,2023-06-14 10:12:47.866+05:71
code with typeScript,2023-06-14 10:12:47.866+05:72,2023-06-14 10:12:47.866+05:72
code with typeScript,2023-06-14 10:12:47.866+05:73,2023-06-14 10:12:47.866+05:73
code with typeScript,2023-06-14 10:12:47.866+05:74,2023-06-14 10:12:47.866+05:74
code with typeScript,2023-06-14 10:12:47.866+05:75,2023-06-14 10:12:47.866+05:75
code with typeScript,2023-06-14 10:12:47.866+05:76,2023-06-14 10:12:47.866+05:76
code with typeScript,2023-06-14 10:12:47.866+05:77,2023-06-14 10:12:47.866+05:77
code with typeScript,2023-06-14 10:12:47.866+05:78,2023-06-14 10:12:47.866+05:78
code with typeScript,2023-06-14 10:12:47.866+05:79,2023-06-14 10:12:47.866+05:79
code with typeScript,2023-06-14 10:12:47.866+05:80,2023-06-14 10:12:47.866+05:80
code with typeScript,2023-06-14 10:12:47.866+05:81,2023-06-14 10:12:47.866+05:81
code with typeScript,2023-06-14 10:12:47.866+05:82,2023-06-14 10:12:47.866+05:82
code with typeScript,2023-06-14 10:12:47.866+05:83,2023-06-14 10:12:47.866+05:83
code with typeScript,2023-06-14 10:12:47.866+05:84,2023-06-14 10:12:47.866+05:84
code with typeScript,2023-06-14 10:12:47.866+05:85,2023-06-14 10:12:47.866+05:85
code with typeScript,2023-06-14 10:12:47.866+05:86,2023-06-14 10:12:47.866+05:86
code with typeScript,2023-06-14 10:12:47.866+05:87,2023-06-14 10:12:47.866+05:87
code with typeScript,2023-06-14 10:12:47.866+05:88,2023-06-14 10:12:47.866+05:88
code with typeScript,2023-06-14 10:12:47.866+05:89,2023-06-14 10:12:47.866+05:89
